,module,kME,kIN,rename,HOMAIR_estimate,HOMAIR_p.value,HOMAIR_p.adjust,HOMAIR.adj.partial_estimate,HOMAIR.adj.partial_p.value,HOMAIR.adj.partial_p.adjust
3-Indolepropionic acid,lightgreen,0.383456614522976,0.023871132548748,M17-3-Indolepropionic acid,0.0652556743063661,0.199047358674174,0.432229884655654,0.0805933692029176,0.1139133346317,0.318033882994779
5a-Dihydrotestosterone sulfate,cyan,0.919878938569171,0.776616170026492,M4-5a-Dihydrotestosterone sulfate,0.0307519933840324,0.545368193704515,0.875284887033482,0.0409114365070935,0.422835876762287,0.674518880252773
Androsterone sulfate,cyan,0.88112949857061,0.651469370094343,M4-Androsterone sulfate,0.00819345073367727,0.872028216721126,0.951646206828529,0.0168467544439168,0.741448186530265,0.884807715831316
Creatinine,yellowgreen,0.768700415378704,0.0300369424466989,M35-Creatinine,0.0363385482639888,0.474832880976891,0.834030007904679,0.0653859991700244,0.199899885526227,0.431968861466019
Dehydroepiandrosterone Sulfate,cyan,0.811210456963506,0.296929558066178,M4-Dehydroepiandrosterone Sulfate,0.0487577695316918,0.337493579504935,0.671543346974105,0.0718733666356272,0.15873726584679,0.382145269631161
Epiandrosterone sulfate,cyan,0.858462563376493,0.417532811415809,M4-Epiandrosterone sulfate,0.0421448672675276,0.407149639844809,0.756135045426074,0.05305934910715,0.298431643036279,0.559559330693024
Etiocholanolone sulfate,cyan,0.670090891004339,0.112685777236594,M4-Etiocholanolone sulfate,0.00811353650692,0.873265818916021,0.951646206828529,0.0339620590275692,0.505873641868734,0.736159404211964
Glutamic acid,red,0.261732229838608,0.0467766177633058,M25-Glutamic acid,0.165871559187414,0.001024371931551,0.0058750743133072,0.17540646090868,0.000536394886637983,0.00783190330486232
Glutamine,grey,0.105097165921817,0.0263182608759029,M14-Glutamine,-0.100968771428285,0.0465804515876036,0.159354176483907,-0.109823674659123,0.0309881982616021,0.159018385816116
Hippuric acid,lightgreen,0.574643944601037,0.0594526430378599,M17-Hippuric acid,0.017254643574988,0.734425287434873,0.951646206828529,0.040320346654183,0.429573762072566,0.675539383904438
Homoserine,grey,0.00272134056069109,0.0281732014382365,M14-Homoserine,-0.0710424224788623,0.161982811350059,0.378980368298426,-0.0372117213529715,0.46601648580899,0.699024728713485
Indolelactic acid,yellowgreen,0.781113898230571,0.0417733170885921,M35-Indolelactic acid,0.0914487853030019,0.071604531636126,0.224855665180001,0.0444684081156434,0.383610456477968,0.661982646134546
P-cresol sulfate,lightgreen,0.891398962520922,0.2561757300872,M17-P-cresol sulfate,-0.0170876799226559,0.736899763541674,0.951646206828529,0.0274021655757548,0.59145971987062,0.796661049643001
P-cresyl glucuronide,lightgreen,0.717512129310295,0.153225041768685,M17-P-cresyl glucuronide,-0.00667736267605792,0.895557119448525,0.951646206828529,0.0278338479443171,0.585629411481675,0.796661049643001
Phenyl sulfate,grey,0.0873539472659073,0.00303119255804107,M14-Phenyl sulfate,-0.0235655230663438,0.64311108875892,0.935870614238726,0.00509797692733933,0.920475186831304,0.967538413362924
phenylacetylglutamine,lightgreen,0.817100420106196,0.159495313018076,M17-phenylacetylglutamine,-0.0386796069960478,0.446829847513924,0.806776113566807,-0.0615780567679746,0.227417143080733,0.465189519315142
Phe-Phe,grey,-0.0759890455877401,0.00581902705008353,M14-Phe-Phe,0.0341840012745809,0.501430487713461,0.834030007904679,0.0340523213697564,0.504742953467786,0.736159404211964
Tryptophan,grey,0.039051235407693,0.00350170291837748,M14-Tryptophan,0.0457590493314722,0.3680794417344,0.710648427110971,0.0427205244068371,0.402600875585072,0.665315006263466
Uric acid,yellowgreen,0.835030426655165,0.0558267783390916,M35-Uric acid,0.0459551653675449,0.36602809487543,0.710648427110971,0.0243545406036227,0.63335519110373,0.8371699835149
FFA 9_0,darkgreen,0.68463461516406,0.0737932530109255,M5-FFA 9_0,0.0292206777863609,0.565568696237019,0.875284887033482,0.00235935192200909,0.963147940668862,0.975347269158549
FFA 10_0,darkgreen,0.892214184864104,0.265053410560684,M5-FFA 10_0,0.0547251401656853,0.281622358474189,0.578066946341757,0.018033718890038,0.72394899894771,0.876832638477041
FFA 11_0,darkgreen,0.863357636768245,0.198650509675085,M5-FFA 11_0,0.0715809261267688,0.158817061091104,0.377674718448357,0.0375524838643092,0.461940085449102,0.698281524516084
FFA 12_0,darkgreen,0.692153352267672,0.146678573371789,M5-FFA 12_0,0.0350101781069725,0.491139484065374,0.834030007904679,-0.0097882412472937,0.847985564745687,0.939529460939824
FFA 14_0,red,0.765512954894279,1.68397967157499,M25-FFA 14_0,0.0405340451687455,0.42532834554002,0.777830360728354,-0.014783585755237,0.772179488317949,0.893167456189611
FFA 14_1,red,0.696291513796484,1.22760698363298,M25-FFA 14_1,-0.00848018379473365,0.867590276216395,0.951646206828529,-0.0428553852331886,0.401115954218959,0.665315006263466
FFA 15_0,red,0.763863098460312,1.75073291073853,M25-FFA 15_0,0.0292682797556156,0.564935395723334,0.875284887033482,0.0140471047479095,0.783239153889351,0.893167456189611
FFA 16_0,red,0.841394092809135,3.34609757659175,M25-FFA 16_0,-0.0145743571048573,0.774463475215559,0.951646206828529,-0.0224996293361609,0.659452113719247,0.851610345531478
FFA 16_1,red,0.795902563098128,2.39183209971319,M25-FFA 16_1,0.0161349270176811,0.751071327076556,0.951646206828529,-0.0195817864947051,0.701341568751663,0.865579784218825
FFA 16_2,red,0.76304041885439,2.15703029616582,M25-FFA 16_2,0.0247380400949011,0.626673167261769,0.935870614238726,0.0142718677799982,0.779859166808741,0.893167456189611
FFA 16_3,red,0.792854233195227,2.34978272480408,M25-FFA 16_3,0.00721246282766709,0.887241095141797,0.951646206828529,-0.0047131329009685,0.926460825380467,0.967538413362924
FFA 17_0,red,0.907429692211963,4.51738105598568,M25-FFA 17_0,-0.0115064254761069,0.821030826225238,0.951646206828529,-0.0296591542117608,0.561275559812996,0.796661049643001
FFA 17_1,red,0.908698661483257,4.2968932644874,M25-FFA 17_1,0.0080527853855586,0.874206856053522,0.951646206828529,-0.0209486336468913,0.681596480444807,0.858827378213415
FFA 18_0,red,0.862191984998934,3.47292658676081,M25-FFA 18_0,0.00625175927258127,0.90217966584213,0.951646206828529,0.00205696763416186,0.967868321700491,0.975347269158549
FFA 18_1,red,0.898692894429022,4.22625707812326,M25-FFA 18_1,-0.00691594435108941,0.891847839098776,0.951646206828529,-0.0343342529389967,0.501219847134067,0.736159404211964
FFA 18_2,red,0.881894662796729,4.126963962462,M25-FFA 18_2,0.00663644842026232,0.896193452962386,0.951646206828529,-0.0275848645665141,0.588988942226994,0.796661049643001
FFA 18_3,red,0.811681917418305,2.43373116047521,M25-FFA 18_3,0.0499008283822735,0.326275967591533,0.656592114875077,0.0273785917598568,0.591778871789609,0.796661049643001
FFA 19_0,red,0.676189237294869,0.971946537725817,M25-FFA 19_0,0.034896218788714,0.492552229722157,0.834030007904679,0.0508555335554385,0.318979468222735,0.581317722461994
FFA 19_1,red,0.903280719548669,4.0214232395287,M25-FFA 19_1,0.00209234608755932,0.967188466612013,0.976895822421711,-0.0058558258645105,0.908701475027332,0.967538413362924
FFA 20_0,red,0.317927281650333,0.133497446405421,M25-FFA 20_0,0.0116850093093706,0.818301125543411,0.951646206828529,0.0613671249310704,0.229016378739762,0.465189519315142
FFA 20_1,red,0.853188200937783,2.88206821028153,M25-FFA 20_1,-0.0271913253112199,0.592878233496813,0.903212933842802,-0.0391098861994005,0.443564143540495,0.681063055042492
FFA 20_2,red,0.903274859096902,4.2598091232391,M25-FFA 20_2,-0.00775473793780572,0.878826165760256,0.951646206828529,-0.0358486562769243,0.482519600652856,0.718254367384022
FFA 20_3,red,0.857879862060688,3.12455438164787,M25-FFA 20_3,0.035940709964201,0.479685316512621,0.834030007904679,0.0219526188612371,0.667229421692051,0.855985113354933
FFA 20_4,red,0.672288266717841,1.0967060935035,M25-FFA 20_4,-0.0101858021063783,0.841281852500219,0.951646206828529,0.0163586627825657,0.748683451857267,0.884807715831316
FFA 20_5,orange,0.853499566237638,0.272840231434383,M21-FFA 20_5,0.00708800457400558,0.889174239442668,0.951646206828529,0.055262343486843,0.278790955980152,0.540916824764459
FFA 22_0,red,0.887354792371307,3.88820397507924,M25-FFA 22_0,0.0240689623086323,0.636031252107051,0.935870614238726,-0.00577696279037149,0.909925781932318,0.967538413362924
FFA 22_1,red,0.442886889063071,0.202748547181538,M25-FFA 22_1,0.0285260152157604,0.574848981016181,0.882642136205947,0.0165858765154524,0.745312544846244,0.884807715831316
FFA 22_2,red,0.871364255076544,3.47329270704498,M25-FFA 22_2,-0.00147311276160215,0.976895822421711,0.976895822421711,-0.0114099958966201,0.823184437950214,0.917262659430238
FFA 22_5,orange,0.897658197968837,0.39209500230041,M21-FFA 22_5,-0.0227194923493982,0.655081529319257,0.939271310420993,-0.00517755687900974,0.919237995351437,0.967538413362924
FFA 22_6,orange,0.961647492292369,0.520454234593023,M21-FFA 22_6,0.0128085992603214,0.801178329897321,0.951646206828529,0.0273957897843324,0.591546030158694,0.796661049643001
FFA 24_0,red,0.413888736604955,0.178971827539261,M25-FFA 24_0,0.0993030082986075,0.0503359082178166,0.166364442414818,0.133793249696322,0.00848993043347808,0.0636744782510856
FFA 24_1,red,0.696299348622715,1.15978418993999,M25-FFA 24_1,0.00813555369184292,0.87292481591796,0.951646206828529,0.0242087463982244,0.635390551590796,0.8371699835149
Pyrrolidine,purple,0.753886334254674,0.281762468721948,M24-Pyrrolidine,0.2293933801811,4.85682355379841e-06,8.60982357264263e-05,0.196571498302128,0.000101287879137413,0.00197511364317955
Valerolactam,grey,-0.0242007421176716,0.00358851422698758,M14-Valerolactam,-0.018869339067414,0.710639833965618,0.951646206828529,0.00446639997489883,0.930300568556814,0.967538413362924
Choline,purple,0.574596294882044,0.0245706126036911,M24-Choline,-0.140536812608538,0.00549151456759055,0.0281801405442147,-0.167997297623154,0.000921365958758195,0.0118626637040052
proline,purple,0.566192679660039,0.0202957264632384,M24-proline,0.0995416297333508,0.0497829040859233,0.166364442414818,0.0824827901791746,0.105655669160601,0.312164477065413
leucine,purple,0.849379692597369,0.303054106921099,M24-leucine,0.160782021870811,0.00146445865266674,0.00815912677914329,0.120081055034988,0.0182693770180696,0.114920274791083
Indoline,purple,0.601986059707346,0.0359828638620052,M24-Indoline,0.119682767024299,0.0182055745530758,0.0739601466218705,0.0840350530448916,0.0992317724535635,0.302346806694451
Lysine,grey,-0.226785699378418,0.0086819954793107,M14-Lysine,0.0137156868928634,0.787423558978449,0.951646206828529,0.0609329463659056,0.232333278946436,0.46706174633562
L-Carnitine,sienna3,0.855172896621369,0.0724857322972496,M29-L-Carnitine,-0.090077909747315,0.0759795500323718,0.227938650097115,-0.0884897554117862,0.0825078008414646,0.272695273967553
5-Formylsalicylic acid,grey,0.136494742538434,0.0261780216863448,M14-5-Formylsalicylic acid,0.135886497744864,0.00727611112527563,0.0346058943763109,0.0901233262820628,0.0769773069489934,0.258803014742305
5-Methoxysalicylic acid,grey,0.0869060499418777,0.0264888333227777,M14-5-Methoxysalicylic acid,0.137126493367953,0.00675555139854311,0.0329333130678976,0.103090911830905,0.0429452080147751,0.187119345606212
1-7-Dimethylxanthine,grey,0.157115400825449,0.282919108828114,M14-1-7-Dimethylxanthine,0.127528733575558,0.0118206992221451,0.0512230299626288,0.113387040904314,0.0259028147746263,0.148469000198355
Propylparaben,green,0.597935096505413,0.0944412133938592,M12-Propylparaben,0.0127081968198164,0.802704664252762,0.951646206828529,0.0535539264002125,0.293944080770958,0.559559330693024
L-Tyrosine,purple,0.661423346752936,0.0384726128335617,M24-L-Tyrosine,0.212089401802859,2.46836371062195e-05,0.000256055508514972,0.147917527229208,0.0035828199471434,0.0388138827607201
Caffeine,grey,0.181520980992237,0.282363165099749,M14-Caffeine,0.151895233674885,0.00266763545056375,0.014449692023887,0.114816187217988,0.0240750455454234,0.142261632768411
L-Acetylcarnitine(C2),sienna3,0.822628094573591,0.0618372632833986,M29-L-Acetylcarnitine(C2),-0.0296044495513368,0.560472662488153,0.875284887033482,-0.0703109482204754,0.168012708112693,0.399542415633842
Propionyl-L-carnitine(C3),sienna3,0.720569123036606,0.0253526649668852,M29-Propionyl-L-carnitine(C3),-0.0857035232150595,0.09141027998556,0.254642922816917,-0.0907196175646513,0.0750351057850782,0.256699046106847
Butyrylcarnitine(C4),midnightblue,0.438003077251667,0.0480035447349194,M20-Butyrylcarnitine(C4),0.0034963493520423,0.945198902448614,0.96499364386115,0.0731227088134994,0.151602465156842,0.374208616526381
Valerylcarnitine(C5),midnightblue,0.470322685526915,0.0455094974911652,M20-Valerylcarnitine(C5),-0.00152897117520289,0.976020001727623,0.976895822421711,-0.00849321705160878,0.8678995674434,0.950788851974512
Hexadecanamide,steelblue,0.902885914190051,0.217720785093575,M31-Hexadecanamide,-0.024159579333616,0.634760395975289,0.935870614238726,-0.0127333182305838,0.803075536825131,0.902579440378956
Hexanoylcarnitine(C6),midnightblue,0.944914171380542,0.810705726274882,M20-Hexanoylcarnitine(C6),0.0228459892312933,0.653286011466752,0.939271310420993,-0.0236218900857366,0.643611018916212,0.842309722742693
Oleamide,steelblue,0.781752876011449,0.17109467938372,M31-Oleamide,-0.0106470417442312,0.834196380852919,0.951646206828529,-0.0268060648713916,0.599554040547507,0.800774232238109
Stearamide,steelblue,0.781445271938494,0.0728324050000158,M31-Stearamide,-0.0298165688190433,0.557665510650041,0.875284887033482,0.00181443268555196,0.971655240931849,0.975347269158549
2-Octenoylcarnitine(C8:1),darkgrey,0.940061111539001,0.604470757086123,M6-2-Octenoylcarnitine(C8:1),0.0404045922759117,0.426809479989404,0.777830360728354,-0.00685185687174221,0.89325817321371,0.967538413362924
Octanoylcarnitine(C8),midnightblue,0.950814054561137,1.18989491166033,M20-Octanoylcarnitine(C8),-0.0651914575170075,0.199490715994917,0.432229884655654,-0.0828260936696768,0.104207357784246,0.312164477065413
Decadienoylcarnitine C10:3,darkgrey,0.940518500567442,0.600070638545283,M6-Decadienoylcarnitine C10:3,0.00881502848210308,0.862412949321543,0.951646206828529,-0.0380743763582423,0.455735519861005,0.69428458103825
fatty amide C20_1,darkturquoise,0.892231086361144,0.330779311857289,M11-fatty amide C20_1,0.00558268148631249,0.912604311163769,0.951646206828529,-0.0190063853678487,0.709715062874624,0.866513771840867
DecenoylcarnitineC10:2,darkgrey,0.864810725830449,0.269294733566967,M6-DecenoylcarnitineC10:2,-0.0111738232797944,0.826120472915747,0.951646206828529,-0.0397172591239217,0.436512022653716,0.675554320773608
Carnitine C10:1,black,0.853579793744346,0.887958774558617,M1-Carnitine C10:1,-0.0498661717023022,0.326612487912218,0.656592114875077,-0.0744507594049339,0.144287778000275,0.360719445000686
Decanoylcarnitine(C10),midnightblue,0.936866732398081,1.08898868108514,M20-Decanoylcarnitine(C10),-0.0469711157477614,0.355515501227286,0.700257805447684,-0.0657036902921867,0.197718682964794,0.431968861466019
17-Hydroxyprogesterone,black,0.381760842287882,0.0221035641976148,M1-17-Hydroxyprogesterone,0.14218769375211,0.0049596414278266,0.0261386507682753,0.102080584654078,0.0450379996494051,0.187119345606212
FFA C22_1,darkturquoise,0.954205490832558,0.802596124627007,M11-FFA C22_1,-0.00674388412817324,0.894522663960379,0.951646206828529,0.013643591191332,0.789317388454463,0.894865643887327
carnitine C12:2,black,0.890855760744275,1.03017555492788,M1-carnitine C12:2,-0.0108777125288635,0.830657848342215,0.951646206828529,-0.0408137300595671,0.423945368653587,0.674518880252773
fatty amide C22_0,darkturquoise,0.941765255325275,0.766038540633552,M11-fatty amide C22_0,-0.0136619690389079,0.788236326873442,0.951646206828529,0.00302913636936402,0.952697063040182,0.975347269158549
Carnitine C12:1,pink,0.922124656450827,1.28336513318542,M23-Carnitine C12:1,-0.0158693956902542,0.755036113154577,0.951646206828529,-0.0726663247027155,0.154180058728501,0.37581389315072
Carnitine C12:0,pink,0.937078738196517,1.45296483296019,M23-Carnitine C12:0,-0.0356933224280532,0.482716237331502,0.834030007904679,-0.0479603294782616,0.347342784346928,0.616785702766399
Cortisone,grey,-0.612335745644417,0.126621456090525,M14-Cortisone,0.0830218097051653,0.102049010860906,0.278500327262118,0.100383274662378,0.0487464402391026,0.187119345606212
Hydrocortisone,grey,-0.591025449570117,0.125536846152711,M14-Hydrocortisone,-0.010077550947174,0.842946664674738,0.951646206828529,0.0173297724722781,0.734310473189974,0.883892236247191
carnitine C14:3,pink,0.768057573484524,0.433882111855222,M23-carnitine C14:3,-0.0437761775800574,0.389218505023415,0.744094200780058,-0.0483348097634785,0.343586709481951,0.616785702766399
Tetradecadiencarnitine C14:2,black,0.869065769248729,0.884740209374739,M1-Tetradecadiencarnitine C14:2,-0.0858555029498747,0.0908350056883651,0.254642922816917,-0.103209035880112,0.0427059596748711,0.187119345606212
Tetradecenoylcarnitine C14:1,pink,0.949715849147922,1.40857441298392,M23-Tetradecenoylcarnitine C14:1,-0.0875771244931531,0.0845188118803038,0.245143926316854,-0.118005461108782,0.0203934953129624,0.124272862063364
Tetradecanoylcarnitine C14,pink,0.811461837208589,0.612622364224738,M23-Tetradecanoylcarnitine C14,0.0295218851078759,0.561567147441658,0.875284887033482,0.00457491543636249,0.928611608986358,0.967538413362924
Sphingosine-1-phosphate,grey,-0.206740197859768,0.00407695895334648,M14-Sphingosine-1-phosphate,-0.0427034514035351,0.40095522549375,0.755010413954833,-0.0415089795358053,0.416087510640745,0.674518880252773
Hexadecadienoylcarnitine C16:2,black,0.844183795843251,0.529601554187396,M1-Hexadecadienoylcarnitine C16:2,-0.0905099970014273,0.0745777337001367,0.227229032367604,-0.0651422179755521,0.201585468684142,0.431968861466019
Hexadecenoylcarnitine C16:1,pink,0.781442773168905,0.414275530788138,M23-Hexadecenoylcarnitine C16:1,-0.111265271047748,0.0282174896624427,0.107890401650516,-0.141320369703231,0.00541129421343026,0.0502477319818524
Palmitoylcarnitine C16,darkolivegreen,0.872052803818855,0.151424551451665,M8-Palmitoylcarnitine C16,0.0115633032038244,0.820161199244827,0.951646206828529,-0.0636008839908823,0.212482156434518,0.44552710220141
linolenyl carnitine C18:3,black,0.703209932590109,0.26671302641971,M1-linolenyl carnitine C18:3,-0.0720575574077853,0.156054159895243,0.377674718448357,-0.0297105451920227,0.560597008581187,0.796661049643001
Linoleyl carnitine C18:2,black,0.769416962246702,0.338796416357801,M1-Linoleyl carnitine C18:2,-0.11520869157142,0.023054518418318,0.0899126218314401,-0.0914134987828474,0.072825418399719,0.256699046106847
Oleoylcarnitine C18:1,darkolivegreen,0.893599960721366,0.187410997940088,M8-Oleoylcarnitine C18:1,-0.0688142018195333,0.175587587250322,0.402818582515444,-0.101789440085362,0.0456567410277204,0.187119345606212
Stearoylcarnitine C18,darkolivegreen,0.826700422540152,0.12307055931223,M8-Stearoylcarnitine C18,0.00574322345970879,0.910101533076406,0.951646206828529,0.0215563711555548,0.672885594064001,0.857599286552158
LPE 16_1,darkorange,0.897174425132735,0.474609584837989,M9-LPE 16_1,0.198301343607703,8.22662347873201e-05,0.000763900751596544,0.133098154891984,0.00884102055616627,0.0638518151278675
LPE 16_0,salmon,0.887373176175448,0.591100897634663,M28-LPE 16_0,-0.0139379993017379,0.784062363690493,0.951646206828529,0.00157801436326214,0.975347269158549,0.975347269158549
LPC 14_0 sn-2,lightcyan,0.886132417181759,1.02438773954345,M16-LPC 14_0 sn-2,0.22110992401091,1.07489157296528e-05,0.000123296386310723,0.22449970545635,8.45259301557524e-06,0.000235465091148167
LPC 14_0 sn-1,lightcyan,0.908616728503242,1.0599087068091,M16-LPC 14_0 sn-1,0.234668432666962,2.88294674219541e-06,8.03106592468721e-05,0.236478841348753,2.62977525970032e-06,0.00012820154391039
LPE 18_3sn-1,salmon,0.813533945663435,0.380441941843352,M28-LPE 18_3sn-1,-0.032703062535003,0.520158214012245,0.852360098591494,-0.00185335585597445,0.971047452889632,0.975347269158549
LPE 18_2 sn-2,magenta,0.908380667669368,0.94556865301846,M19-LPE 18_2 sn-2,-0.0236861079263615,0.641412336888039,0.935870614238726,-0.0189192854001262,0.710985658946352,0.866513771840867
LPE 18_2 sn-1,magenta,0.880652198181942,0.911138625255864,M19-LPE 18_2 sn-1,0.0183177881988124,0.718734350271063,0.951646206828529,0.0231956122112572,0.649609593359467,0.844492471367307
LPE 18_1 sn-2,magenta,0.834537428122254,0.637286264869591,M19-LPE 18_1 sn-2,0.00354497063541375,0.944438041769366,0.96499364386115,0.0479019773696806,0.347930396432327,0.616785702766399
LPE 18_1 sn-1,magenta,0.783941409896139,0.604820016424689,M19-LPE 18_1 sn-1,0.033923793121285,0.504695081706421,0.834030007904679,0.101678682118408,0.0458939900624199,0.187119345606212
LPC O-16_1,skyblue,0.929164400848215,0.439539083081721,M30-LPC O-16_1,-0.228266630356388,5.42059401832294e-06,8.72784279660953e-05,-0.144152233619129,0.00454266751927181,0.0466221140135791
LPC 15_0 sn-2,violet,0.73344584960546,0.112162033013995,M33-LPC 15_0 sn-2,0.00160144440890751,0.974883715398968,0.976895822421711,0.0462627521087868,0.364694281630538,0.640205806860915
LPE 18_0 sn-2,salmon,0.805362977801954,0.620889419048875,M28-LPE 18_0 sn-2,-0.00359991166630937,0.943578345947841,0.96499364386115,0.0199125070027271,0.696545000023069,0.865135509582792
LPC 15_0 sn-1,violet,0.917788331954308,0.246258836199105,M33-LPC 15_0 sn-1,-0.0221198298544836,0.663620148379491,0.944568824335771,0.0554400094347415,0.27724606437089,0.540916824764459
LPE 18_0 sn-1,salmon,0.82079727841619,0.667041552835368,M28-LPE 18_0 sn-1,0.0663289101399468,0.191743546247502,0.429770017451297,0.0755668051168425,0.138351795687508,0.350371430637197
LPC O-16_0,white,0.932640819772927,0.421360516967386,M34-LPC O-16_0,-0.109809792420367,0.0303593627385492,0.11384761026956,-0.0641529109049037,0.20853182467813,0.441996802306906
LPC 16_1 sn-2,greenyellow,0.783189517945419,0.604731723280295,M13-LPC 16_1 sn-2,-0.015835350598753,0.755544925846445,0.951646206828529,-0.0156377821836898,0.759409747468254,0.886735932672512
LPC 16_1 sn-1,greenyellow,0.86364842187335,0.772345540985675,M13-LPC 16_1 sn-1,-0.00564893690390461,0.911571312538598,0.951646206828529,0.00482623725538841,0.924701220990491,0.967538413362924
LPC 16_0 sn-1,greenyellow,0.915337694148032,0.880268689487592,M13-LPC 16_0 sn-1,-0.0571953459963431,0.260436637546682,0.54026749278301,-0.0437595175871063,0.391245636641394,0.663416514304972
LPC 16_0 sn-2,greenyellow,0.887012421047807,0.799929371042275,M13-LPC 16_0 sn-2,-0.0611356066462527,0.228965546418365,0.490640456610782,-0.0418738591996196,0.411998061352601,0.674518880252773
LPE 20_5 sn-1,green,0.832489724904202,0.726540658565864,M12-LPE 20_5 sn-1,0.0652028738351157,0.199411844436732,0.432229884655654,0.137498615920885,0.00681976294625779,0.0578197293269682
LPE 20_4 sn-2,saddlebrown,0.84605229225375,0.358930962313882,M27-LPE 20_4 sn-2,-0.129336894887353,0.0106662656854373,0.0481413079072616,-0.108700976798935,0.0327578086068332,0.163789043034166
LPE 20_4 sn-1,saddlebrown,0.936639964323383,0.463174597772976,M27-LPE 20_4 sn-1,-0.0585037375966701,0.249671784434552,0.524020163848563,-0.0656601416589535,0.198016648818877,0.431968861466019
LPE 20_3,paleturquoise,0.830232369040513,0.212316623783342,M22-LPE 20_3,0.130254175661063,0.0101197230987099,0.0469844286725816,0.124667533513075,0.0142478324614724,0.0958043906892113
LPC P-18_1,skyblue,0.897273043228968,0.346169704200207,M30-LPC P-18_1,-0.183394893963591,0.000276517241602236,0.00199706896712726,-0.0941617116863969,0.0645889906194714,0.23763873907164
LPC O-18_1,white,0.863299311635184,0.239796255893222,M34-LPC O-18_1,-0.223992340470402,8.18054665702363e-06,0.000106347106541307,-0.176989127964124,0.000476506229975463,0.00774322623710128
LPC P-18_0,skyblue,0.925702749015288,0.421640782826845,M30-LPC P-18_0,-0.22312041917489,8.88829200358227e-06,0.000108326058793659,-0.0911143373286604,0.0737715149109335,0.256699046106847
LPC 17_0,violet,0.856265688548504,0.166977330458739,M33-LPC 17_0,-0.129017441843147,0.0108626540918949,0.0481413079072616,0.0159149572268643,0.75527995528419,0.886735932672512
LPC O-18_0,white,0.912827738563953,0.363265279634555,M34-LPC O-18_0,-0.12128563847297,0.0166989533252079,0.06928289145565,-0.056770977529233,0.265857519873369,0.529002207911295
LPC 18_3 sn-1,blue,0.885937586290661,1.76027988336487,M2-LPC 18_3 sn-1,-0.080057746184917,0.114925493496133,0.298806283089947,-0.069309612949075,0.174166803023013,0.406777421214541
LPC 18_3 sn-2,blue,0.727189481348293,0.772288104480755,M2-LPC 18_3 sn-2,0.00691747332226461,0.89182407536831,0.951646206828529,-0.0275185405170586,0.58988534420438,0.796661049643001
LPC 18_2 sn-1,magenta,0.777932262348661,0.812585099153472,M19-LPC 18_2 sn-1,-0.138476472984246,0.00622695359971798,0.0311347679985899,-0.0551046361769109,0.280167175903643,0.540916824764459
LPC 18_2 sn-2,magenta,0.769114719958748,0.773605856527229,M19-LPC 18_2 sn-2,-0.196020424408535,9.96251184171595e-05,0.000844647743102004,-0.1101562040305,0.0304800132835563,0.159018385816116
LPC 18_1 sn-2,tan,0.855088778469809,0.722566491764087,M32-LPC 18_1 sn-2,-0.230837340558962,4.21576692128846e-06,8.60982357264263e-05,-0.129322863964572,0.0109830044992429,0.0764887813340131
LPC 18_1 sn-1,tan,0.886928923301938,0.735228339802966,M32-LPC 18_1 sn-1,-0.226770583027157,6.26614354628376e-06,8.72784279660953e-05,-0.112272754394826,0.0274096615750809,0.148469000198355
LPC 18_0 sn-2,greenyellow,0.724175783569269,0.65509279260427,M13-LPC 18_0 sn-2,0.0311349496977149,0.540372719203139,0.875284887033482,0.0652733709945186,0.200677355115536,0.431968861466019
LPC 18_0 sn-1,greenyellow,0.773227392501665,0.738867602946691,M13-LPC 18_0 sn-1,0.0676271085991058,0.183173577746393,0.415335437913332,0.107636722894483,0.0345141698344753,0.164152758968846
LPE 22_6 sn-1,darkmagenta,0.859615069345636,0.154820377311168,M7-LPE 22_6 sn-1,0.0828336443192036,0.102830890066013,0.278500327262118,0.084373892940028,0.0978716626960194,0.302346806694451
LPE 22_4 sn-1,saddlebrown,0.868548620681176,0.214898572941147,M27-LPE 22_4 sn-1,0.0721299287100783,0.155637839340352,0.377674718448357,0.0677036649426853,0.184384510419881,0.422999759198551
LPC 20_5,green,0.899915686221732,0.887289277327756,M12-LPC 20_5,0.0138116043512545,0.785972871831065,0.951646206828529,0.101140952623421,0.0470605841509298,0.187119345606212
LPC 20_4 sn-1,lightyellow,0.783776297051708,0.275796470721594,M18-LPC 20_4 sn-1,-0.126968008879905,0.012200456618863,0.0517193269712669,-0.0791669609995665,0.120476282408477,0.326289931522959
LPC 20_3 sn-1,paleturquoise,0.95305445513481,0.303238984443178,M22-LPC 20_3 sn-1,0.0584734639674011,0.249917308912392,0.524020163848563,0.077208893842318,0.129961028725805,0.342464872993676
LPC 20_2 sn-1,tan,0.786303702971624,0.511839076842472,M32-LPC 20_2 sn-1,-0.173955739447771,0.000568502193242104,0.00369526425607368,-0.0813899586999071,0.110372161646819,0.318033882994779
LPC 20_2 sn-2,tan,0.758759260362611,0.50908992540631,M32-LPC 20_2 sn-2,-0.230173053549042,4.49994944638232e-06,8.60982357264263e-05,-0.140531912573588,0.00567837646752906,0.0503310641440076
LPC 20_1 sn-2,tan,0.731528180236375,0.536808123308176,M32-LPC 20_1 sn-2,-0.262212746456831,1.54519934219387e-07,6.02627743455611e-06,-0.167228605353076,0.000973346765456841,0.0118626637040052
LPC 20_1 sn-1,tan,0.765071390639517,0.564399785531279,M32-LPC 20_1 sn-1,-0.244652614441037,1.03851938486754e-06,3.3751880008195e-05,-0.143253471114398,0.00480364850221202,0.0468355728965672
LPC 20_0 sn-1,royalblue,0.921171602978171,0.661950444666659,M26-LPC 20_0 sn-1,-0.231317437507976,4.02113398250363e-06,8.60982357264263e-05,-0.112609929551509,0.026945946795846,0.148469000198355
LPC 20_0 sn-2,royalblue,0.852439192389718,0.439219994462029,M26-LPC 20_0 sn-2,-0.178862309880408,0.000392625793450704,0.00273435820438883,-0.0531313537985142,0.297775487057143,0.559559330693024
LPC 22_6 sn-1,green,0.738909740573805,0.291808747884697,M12-LPC 22_6 sn-1,-0.0790642207152701,0.119515649665212,0.30665199585153,0.00430544610982931,0.932806265190921,0.967538413362924
LPC 22_5 sn-1,green,0.605812965385967,0.200239806234184,M12-LPC 22_5 sn-1,-0.0814705155508045,0.108637670189735,0.289896205724978,0.0273335425290722,0.592388985631975,0.796661049643001
LPC 22_4,paleturquoise,0.797103531265747,0.124841013273412,M22-LPC 22_4,-0.0945296622210357,0.0625200869598037,0.203190282619362,-0.0761231176606257,0.135463784899126,0.350230084750117
LPC 22_1,grey,-0.072262500162711,0.00373979574763417,M14-LPC 22_1,-0.188093932042048,0.000190562376879317,0.00148638653965867,-0.12278464477183,0.015793569845985,0.102658203998902
LPC 22_0,royalblue,0.916651981332993,0.647659202616885,M26-LPC 22_0,-0.197617281903917,8.7147867018487e-05,0.000772447003118408,-0.0915260828282032,0.0724719434561278,0.256699046106847
LPC 24_0,royalblue,0.861869103395955,0.490196286156984,M26-LPC 24_0,-0.200232943859043,6.98347273041187e-05,0.000680888591215157,-0.108077111944242,0.0337778987982908,0.164152758968846
SM 32_2,brown,0.756360125371036,0.400089263174446,M3-SM 32_2,0.186363952123012,0.000218785551556655,0.00164089163667491,0.198222849037084,8.82538927970003e-05,0.00191216767726834
SM 32_1,brown,0.706245786542275,0.393662733226506,M3-SM 32_1,0.174030455172532,0.000565347898310058,0.00369526425607368,0.183818717707237,0.000282613309082052,0.00500996320645456
SM 33_2,brown,0.842315670411268,0.789819328059945,M3-SM 33_2,0.104354932924301,0.0396672572918487,0.13951292525601,0.0691397487610051,0.175227196830879,0.406777421214541
SM 33_1,brown,0.821265094963004,0.752028796520122,M3-SM 33_1,0.0425481079321344,0.402672220775911,0.755010413954833,0.075922487418903,0.136499930466712,0.350230084750117
PE O-34_3,darkred,0.781957025870866,0.157694824431833,M10-PE O-34_3,0.0123084218232067,0.808789493759204,0.951646206828529,0.0513648933682229,0.314150248354114,0.577917909708041
SM 34_2,brown,0.81279913537106,0.420240640366522,M3-SM 34_2,0.00795380998481714,0.875740367786271,0.951646206828529,-0.051942624057873,0.308731085773662,0.573357730722516
SM 34_1,blue,0.840778606038096,1.17289916216694,M2-SM 34_1,-0.117447207303329,0.0205042420865218,0.0815985144259542,-0.10628213212615,0.0368650326413105,0.17115908012037
PC 30_0,darkorange,0.891600565268918,0.352897711370659,M9-PC 30_0,0.310252816918882,3.98920127876388e-10,7.77894249358956e-08,0.284005257556272,1.35420096869328e-08,2.34430093463538e-06
SM 35_2,brown,0.879696794795913,0.709051470236477,M3-SM 35_2,-0.0262967752423146,0.605104632858142,0.914693049669285,0.00919842541084107,0.857044161835696,0.944201195242716
PE 34_2,salmon,0.706122835978831,0.147159703135693,M28-PE 34_2,0.169279737868353,0.000801727213337015,0.00473747898790055,0.100298175087222,0.0489389057739324,0.187119345606212
PE O-36_5,darkred,0.897319320852933,0.497709711986071,M10-PE O-36_5,0.0201141254668525,0.692491700114614,0.951646206828529,0.0652375355413027,0.20092518674942,0.431968861466019
SM 36_3,brown,0.689443595103016,0.238428372059161,M3-SM 36_3,-0.0190545484424369,0.707928937594102,0.951646206828529,-0.0206815100216581,0.685438746269578,0.858827378213415
SM 36_2,brown,0.741534552854332,0.463289981398058,M3-SM 36_2,0.0811563629400061,0.110011893454607,0.289896205724978,0.0406800801258333,0.425465755236365,0.674518880252773
PC 32_2,lightcyan,0.893340333566647,0.732060993100623,M16-PC 32_2,0.298654551240851,1.86532947311109e-09,1.81869623628331e-07,0.279253240319567,2.40441121501064e-08,2.34430093463538e-06
SM 36_1,brown,0.61507581628063,0.311575380618667,M3-SM 36_1,0.0761671261324957,0.133719287170223,0.338639753223291,0.0459730948563505,0.367707950607295,0.640205806860915
PC 32_1,darkorange,0.944470665448074,0.577970633697638,M9-PC 32_1,0.227200223927389,6.0112478761086e-06,8.72784279660953e-05,0.158046564654918,0.00184163465330698,0.021124632787933
PC 34_0,blue,0.767412766089347,0.918720503501371,M2-PC 34_0,0.00352030323378714,0.944824048677685,0.96499364386115,-0.0296182487493343,0.561815946129527,0.796661049643001
PC O-34_2,grey60,0.875313021318986,0.770205206470296,M15-PC O-34_2,-0.290916530054561,5.02843789723972e-09,3.26848463320582e-07,-0.229346616120342,5.31000819559784e-06,0.000207090319628316
PC 33_1,darkmagenta,0.833667271757609,0.109680658392232,M7-PC 33_1,0.0717672567473202,0.157732594974919,0.377674718448357,0.100389615452878,0.0487321249594905,0.187119345606212
PE O-38_7,darkred,0.843044556373935,0.360425362013197,M10-PE O-38_7,0.0113996013566661,0.822664695699726,0.951646206828529,0.0784939198163737,0.123673616406183,0.330361030126106
PE O-38_6,darkred,0.938724478181355,0.643348811685623,M10-PE O-38_6,-0.0110963554069175,0.827306979492423,0.951646206828529,0.080537276711457,0.114166009280177,0.318033882994779
PC 34_4,lightcyan,0.808975783953007,0.364759974859653,M16-PC 34_4,0.211970855571075,2.49489982655613e-05,0.000256055508514972,0.226300234851377,7.12043362803134e-06,0.000231414092911019
PC 34_3,lightcyan,0.78149735797833,0.348591436007612,M16-PC 34_3,0.171398178397303,0.000686846604940471,0.004185471498856,0.174772424202936,0.000562290493682423,0.00783190330486232
PC 16_0_18_2,blue,0.927927579209401,2.04034490865089,M2-PC 16_0_18_2,-0.0345448612126524,0.496921610474225,0.834030007904679,-0.0437719560759099,0.391110879437753,0.663416514304972
PC 34_1,blue,0.830450939057456,1.35016531564396,M2-PC 34_1,-0.0341557890142691,0.501783901948879,0.834030007904679,-0.0399537389491333,0.433783790551773,0.675554320773608
PE 38_6,salmon,0.753745845463546,0.188805800614705,M28-PE 38_6,0.0939407025243476,0.0641792342604129,0.205163125914435,0.0806429771536248,0.11369023596164,0.318033882994779
PC O-36_5,grey60,0.83994894042787,0.627134102960079,M15-PC O-36_5,-0.279841274449862,1.97555199181949e-08,9.63081596012e-07,-0.220895126179052,1.18652617561237e-05,0.000289215755305514
PC O-36_4,grey60,0.862991648013232,0.677676412427556,M15-PC O-36_4,-0.0196716412087488,0.698923339450337,0.951646206828529,0.0141905683824117,0.781081272601169,0.893167456189611
PC 35_3,blue,0.571547153135874,0.215578880417109,M2-PC 35_3,-0.0382808513135549,0.451532450268343,0.807787411030522,0.0205688339133741,0.687061902570732,0.858827378213415
PC 35_2,blue,0.720438123864897,0.522261974020956,M2-PC 35_2,-0.0708285703771573,0.163253081728553,0.378980368298426,0.0028790278535025,0.955038617317175,0.975347269158549
L-Thyroxine,grey,-0.284430056893503,0.00740644662447298,M14-L-Thyroxine,-0.00877843510530989,0.862978469249944,0.951646206828529,0.0291332129075308,0.568242589715339,0.796661049643001
PC 36_6,green,0.70421517331373,0.183141826948831,M12-PC 36_6,0.194230304956608,0.000115602432772867,0.000939269766279543,0.256398762932317,3.27806773958354e-07,2.1307440307293e-05
PC 36_5,green,0.870537251369364,0.809457604250021,M12-PC 36_5,0.0873069043207889,0.0854860871258772,0.245143926316854,0.136527249689217,0.00722644851911599,0.0587148942178174
PC 36_4,lightyellow,0.964689036099144,1.0801090435882,M18-PC 36_4,-0.0911164889009245,0.0726456764427695,0.224855665180001,-0.0990304391005015,0.0518821158182865,0.194557934318575
PC 36_3,blue,0.840416724397608,1.22893468608751,M2-PC 36_3,-0.0152889982321472,0.763724613470411,0.951646206828529,-0.0432188987796816,0.397129739226207,0.665315006263466
PC 36_2,blue,0.940352854603613,2.184153871011,M2-PC 36_2,-0.00664766087554714,0.896019060629355,0.951646206828529,-0.0125813442630709,0.805378577568914,0.902579440378956
PC O-38_6,grey60,0.9355686175798,0.972396114648077,M15-PC O-38_6,-0.17305966040769,0.000607625857703859,0.00382216265329847,-0.134867855580863,0.00797156117160936,0.062178177138553
PC O-38_5,grey60,0.891213164105583,0.840253405173752,M15-PC O-38_5,-0.104146992844474,0.0400652503299311,0.13951292525601,-0.0796509625218254,0.118217109080553,0.32468079254518
PC 38_7,blue,0.84344761380636,1.34670967655732,M2-PC 38_7,-0.106604253385848,0.0355716017131505,0.130531266041077,-0.0840522844563519,0.0991622445523761,0.302346806694451
PC 38_6,darkmagenta,0.89302686863736,0.192529279841311,M7-PC 38_6,-0.0882246947515574,0.0822366575889311,0.242971942876387,-0.0623564474827151,0.221584231290922,0.45966941597585
PC 38_5,lightyellow,0.847091303163496,0.492293583380452,M18-PC 38_5,-0.106275320720356,0.0361471198267597,0.130531266041077,-0.0865781137816748,0.0893824515706018,0.290492967604456
PC 38_4,lightyellow,0.960759142955185,1.07381322439155,M18-PC 38_4,-0.0746957462048921,0.141414383566797,0.353535958916992,-0.0846097692506702,0.0969336405007828,0.302346806694451
