,module,kME,kIN,rename,HbA1C_estimate,HbA1C_p.value,HbA1C_p.adjust,HbA1C.adj.partial_estimate,HbA1C.adj.partial_p.value,HbA1C.adj.partial_p.adjust
3-Indolepropionic acid,lightgreen,0.383456614522976,0.023871132548748,M17-3-Indolepropionic acid,-0.0210214346879112,0.676258202571395,0.84596613710772,-0.0110425968974808,0.827039918662199,0.895959911884049
5a-Dihydrotestosterone sulfate,cyan,0.919878938569171,0.776616170026492,M4-5a-Dihydrotestosterone sulfate,-0.0331363375718053,0.510322371803735,0.730717004812979,-0.0546528566191411,0.279167904739732,0.625721165795951
Androsterone sulfate,cyan,0.88112949857061,0.651469370094343,M4-Androsterone sulfate,-0.00985068983242992,0.844876713555626,0.943565782480958,-0.0273214895137351,0.588718539409147,0.799741138741765
Creatinine,yellowgreen,0.768700415378704,0.0300369424466989,M35-Creatinine,0.00361536884730994,0.94275406426892,0.980066441849182,-0.00742681248850666,0.883170172225569,0.935968389043402
Dehydroepiandrosterone Sulfate,cyan,0.811210456963506,0.296929558066178,M4-Dehydroepiandrosterone Sulfate,0.0219220132383961,0.663222713237961,0.844026465772319,0.00525455406309936,0.91719374888562,0.956431984132063
Epiandrosterone sulfate,cyan,0.858462563376493,0.417532811415809,M4-Epiandrosterone sulfate,0.0475218848398093,0.344957688840213,0.634591974753222,0.0218146946093982,0.665970422213229,0.847604501987145
Etiocholanolone sulfate,cyan,0.670090891004339,0.112685777236594,M4-Etiocholanolone sulfate,-0.0648494308281087,0.197259390955275,0.460447980340848,-0.0706851421640815,0.161407256226524,0.533464660409699
Glutamic acid,red,0.261732229838608,0.0467766177633058,M25-Glutamic acid,0.0527279046314899,0.294632844882521,0.580337421738299,0.0426977409951889,0.397988749179667,0.692926840089599
Glutamine,grey,0.105097165921817,0.0263182608759029,M14-Glutamine,-0.112286940423207,0.0252649975304047,0.187056026085135,-0.109871580600667,0.0292156091765458,0.227881751577058
Hippuric acid,lightgreen,0.574643944601037,0.0594526430378599,M17-Hippuric acid,0.0216904852631488,0.666564490917626,0.844026465772319,0.0265870909857173,0.598780544904091,0.799741138741765
Homoserine,grey,0.00272134056069109,0.0281732014382365,M14-Homoserine,-0.14445656230732,0.00392229920677045,0.0966551260182633,-0.140902827714798,0.00507952772267009,0.118588336379794
Indolelactic acid,yellowgreen,0.781113898230571,0.0417733170885921,M35-Indolelactic acid,-0.035893459476045,0.475754878289866,0.707296489944997,-0.0660475830257138,0.190781542343705,0.555259712791382
P-cresol sulfate,lightgreen,0.891398962520922,0.2561757300872,M17-P-cresol sulfate,0.102950181262201,0.0403400062631979,0.212228051340452,0.111586365994936,0.0267731150609662,0.219551758810313
P-cresyl glucuronide,lightgreen,0.717512129310295,0.153225041768685,M17-P-cresyl glucuronide,0.102467726594081,0.041291471095212,0.212228051340452,0.106922775096593,0.0338630244049603,0.244566287369158
Phenyl sulfate,grey,0.0873539472659073,0.00303119255804107,M14-Phenyl sulfate,-0.00836178832991759,0.868090049378922,0.943565782480958,-0.000104572993548874,0.99834908256686,0.99834908256686
phenylacetylglutamine,lightgreen,0.817100420106196,0.159495313018076,M17-phenylacetylglutamine,0.0829573758374528,0.098830880539839,0.344143244736939,0.0756299968937537,0.133980064177629,0.485662327164281
Phe-Phe,grey,-0.0759890455877401,0.00581902705008353,M14-Phe-Phe,0.0169485524329884,0.736375576149281,0.879680805918437,0.0116927630261341,0.817031089856594,0.895959911884049
Tryptophan,grey,0.039051235407693,0.00350170291837748,M14-Tryptophan,0.0679864813086454,0.176402731290439,0.451424457241324,0.0638338929493727,0.20611138919697,0.565759877896923
Uric acid,yellowgreen,0.835030426655165,0.0558267783390916,M35-Uric acid,-0.0452565199078713,0.368467689001739,0.653192721412174,-0.051602039920663,0.306923995011482,0.636704032204671
FFA 9_0,darkgreen,0.68463461516406,0.0737932530109255,M5-FFA 9_0,0.0431989734114267,0.390660487101824,0.666727338255337,0.0364815923873341,0.47024616965949,0.743590099022837
FFA 10_0,darkgreen,0.892214184864104,0.265053410560684,M5-FFA 10_0,0.14449035080122,0.00391381447710986,0.0966551260182633,0.136418412071507,0.00668959846244992,0.118588336379794
FFA 11_0,darkgreen,0.863357636768245,0.198650509675085,M5-FFA 11_0,0.144286179987227,0.00396533850331336,0.0966551260182633,0.139123189285372,0.00567125461832601,0.118588336379794
FFA 12_0,darkgreen,0.692153352267672,0.146678573371789,M5-FFA 12_0,0.0646926790936233,0.198346822300673,0.460447980340848,0.0578239537373683,0.252174243341027,0.59245755965663
FFA 14_0,red,0.765512954894279,1.68397967157499,M25-FFA 14_0,0.060012108778105,0.232854509645566,0.498973949240498,0.0443247253488313,0.380238680459009,0.686542061939877
FFA 14_1,red,0.696291513796484,1.22760698363298,M25-FFA 14_1,0.0128859908711084,0.797987444641777,0.909985682486237,0.00187243033422378,0.970446234178356,0.989959097058169
FFA 15_0,red,0.763863098460312,1.75073291073853,M25-FFA 15_0,0.022523774795952,0.654568442188511,0.844026465772319,0.0179368644404423,0.722639081393863,0.869533588171251
FFA 16_0,red,0.841394092809135,3.34609757659175,M25-FFA 16_0,0.065227439603616,0.19465493257741,0.460447980340848,0.061970445793657,0.219691101734068,0.565759877896923
FFA 16_1,red,0.795902563098128,2.39183209971319,M25-FFA 16_1,0.0385503677790583,0.443692125066387,0.692159715103564,0.0291698941204789,0.563744183462142,0.799741138741765
FFA 16_2,red,0.76304041885439,2.15703029616582,M25-FFA 16_2,0.0367159981244254,0.465695663987277,0.707296489944997,0.0250801084051747,0.619667029273634,0.810973628915159
FFA 16_3,red,0.792854233195227,2.34978272480408,M25-FFA 16_3,0.042003513459632,0.403918441310138,0.666727338255337,0.0313907888451186,0.534426731763472,0.79063763310095
FFA 17_0,red,0.907429692211963,4.51738105598568,M25-FFA 17_0,0.0622942719669537,0.215532960190527,0.471540514332032,0.0532194284101103,0.291990033192334,0.632645071916724
FFA 17_1,red,0.908698661483257,4.2968932644874,M25-FFA 17_1,0.0732691971418776,0.14505169580314,0.406692946057461,0.0618619131850486,0.220501285744442,0.565759877896923
FFA 18_0,red,0.862191984998934,3.47292658676081,M25-FFA 18_0,0.0791688409589049,0.115273318923333,0.362553180484675,0.0739810362938072,0.1426958973908,0.496887499842965
FFA 18_1,red,0.898692894429022,4.22625707812326,M25-FFA 18_1,0.0515937823149285,0.305155414018212,0.592321627663844,0.0406867191823154,0.420602796536406,0.70100466089401
FFA 18_2,red,0.881894662796729,4.126963962462,M25-FFA 18_2,0.0459305619651624,0.361370840496099,0.652475128673513,0.0288341385420864,0.568242674096745,0.799741138741765
FFA 18_3,red,0.811681917418305,2.43373116047521,M25-FFA 18_3,0.0512400590194119,0.308487516490226,0.592321627663844,0.0359509271242687,0.476732146470575,0.743590099022837
FFA 19_0,red,0.676189237294869,0.971946537725817,M25-FFA 19_0,0.0676971673296259,0.178254785679908,0.451424457241324,0.0664276136586591,0.18823618525301,0.555259712791382
FFA 19_1,red,0.903280719548669,4.0214232395287,M25-FFA 19_1,0.0624644623069675,0.214279294761319,0.471540514332032,0.051901890759572,0.304117968977394,0.636704032204671
FFA 20_0,red,0.317927281650333,0.133497446405421,M25-FFA 20_0,0.0209860143633398,0.676772909686176,0.84596613710772,0.0313870987844913,0.534474800075229,0.79063763310095
FFA 20_1,red,0.853188200937783,2.88206821028153,M25-FFA 20_1,0.0279896396245289,0.578183462459222,0.788431994262575,0.0194910741732573,0.699723166038369,0.859953403374272
FFA 20_2,red,0.903274859096902,4.2598091232391,M25-FFA 20_2,0.0132484492602185,0.792432906198967,0.908967157110579,-0.00369876291708501,0.941658639322747,0.976720397169871
FFA 20_3,red,0.857879862060688,3.12455438164787,M25-FFA 20_3,0.00181929921843313,0.97117470718005,0.992558264333675,-0.0112873106865256,0.823269351411565,0.895959911884049
FFA 20_4,red,0.672288266717841,1.0967060935035,M25-FFA 20_4,0.0173801485299393,0.729920605561088,0.878806581959866,0.0115279027347453,0.819566249911351,0.895959911884049
FFA 20_5,orange,0.853499566237638,0.272840231434383,M21-FFA 20_5,-0.00397005204322143,0.937149060817504,0.980066441849182,-0.00160099285866432,0.974728957103428,0.989959097058169
FFA 22_0,red,0.887354792371307,3.88820397507924,M25-FFA 22_0,0.0649687464471934,0.196434583249315,0.460447980340848,0.0499897930228109,0.322303513140735,0.647888840968431
FFA 22_1,red,0.442886889063071,0.202748547181538,M25-FFA 22_1,-0.0222286054245236,0.658807752260785,0.844026465772319,-0.03111464220805,0.538029930258188,0.79063763310095
FFA 22_2,red,0.871364255076544,3.47329270704498,M25-FFA 22_2,0.0310198531911145,0.537719213412073,0.74365423131457,0.0195814738032278,0.698398384567439,0.859953403374272
FFA 22_5,orange,0.897658197968837,0.39209500230041,M21-FFA 22_5,0.00477598441477023,0.924424998721692,0.974393917571513,-0.00290160046727986,0.954216802924361,0.97932777142237
FFA 22_6,orange,0.961647492292369,0.520454234593023,M21-FFA 22_6,-0.0201826737228572,0.688486569533336,0.849714437082281,-0.0266876171525504,0.597398653171464,0.799741138741765
FFA 24_0,red,0.413888736604955,0.178971827539261,M25-FFA 24_0,0.107261861855963,0.0326300463554713,0.198839344978653,0.111405796879888,0.0270217549305,0.219551758810313
FFA 24_1,red,0.696299348622715,1.15978418993999,M25-FFA 24_1,0.0498259337576614,0.322047307088082,0.609701212448311,0.0412767969684154,0.413890640419577,0.70100466089401
Pyrrolidine,purple,0.753886334254674,0.281762468721948,M24-Pyrrolidine,0.176949958594629,0.00039623333336741,0.0257551666688817,0.139710735394223,0.00546938087724979,0.118588336379794
Valerolactam,grey,-0.0242007421176716,0.00358851422698758,M14-Valerolactam,0.10904113322793,0.0298361017511398,0.193934661382409,0.101549866240232,0.043955665346918,0.285711824754967
Choline,purple,0.574596294882044,0.0245706126036911,M24-Choline,0.0539133816191778,0.283895762152402,0.564894628772636,0.0469487904299242,0.352651464566349,0.667641122237262
proline,purple,0.566192679660039,0.0202957264632384,M24-proline,0.00817671953378299,0.870983799213192,0.943565782480958,-0.0078945876872537,0.87586935182474,0.9333034076821
leucine,purple,0.849379692597369,0.303054106921099,M24-leucine,0.115537643110499,0.0213054022452745,0.166182137513141,0.0825233864784417,0.101917286599064,0.473187402067085
Indoline,purple,0.601986059707346,0.0359828638620052,M24-Indoline,0.0566962288540005,0.259738659620473,0.527594152354087,0.0491463837845035,0.330545114442643,0.648969754851252
Lysine,grey,-0.226785699378418,0.0086819954793107,M14-Lysine,-0.119730776005493,0.0170009156891008,0.156620577658585,-0.120310253540952,0.016885701993276,0.173300625720464
L-Carnitine,sienna3,0.855172896621369,0.0724857322972496,M29-L-Carnitine,-0.22361887594354,6.83962809580447e-06,0.001043059787213,-0.219867288255112,1.06084055251802e-05,0.00206863907741014
5-Formylsalicylic acid,grey,0.136494742538434,0.0261780216863448,M14-5-Formylsalicylic acid,-0.0218865929138247,0.663733525111695,0.844026465772319,-0.0356783754177632,0.480082243522324,0.743590099022837
5-Methoxysalicylic acid,grey,0.0869060499418777,0.0264888333227777,M14-5-Methoxysalicylic acid,0.000583427460013536,0.990754276038859,0.994292458868608,-0.0145725269612387,0.773076786368182,0.881578791472488
1-7-Dimethylxanthine,grey,0.157115400825449,0.282919108828114,M14-1-7-Dimethylxanthine,-0.105277747739728,0.0360059516289989,0.212228051340452,-0.136453076202847,0.00667557363939171,0.118588336379794
Propylparaben,green,0.597935096505413,0.0944412133938592,M12-Propylparaben,-0.218961631207617,1.06980490996206e-05,0.001043059787213,-0.211128378846766,2.38743980126024e-05,0.00232775380622874
L-Tyrosine,purple,0.661423346752936,0.0384726128335617,M24-L-Tyrosine,0.0806110913022256,0.108777798239984,0.354082941381398,0.0693871751753002,0.169262530601372,0.536239245738323
Caffeine,grey,0.181520980992237,0.282363165099749,M14-Caffeine,-0.117272567084221,0.0194214111894729,0.157798965914467,-0.15061802366231,0.00272382496201801,0.118588336379794
L-Acetylcarnitine(C2),sienna3,0.822628094573591,0.0618372632833986,M29-L-Acetylcarnitine(C2),-0.124963097067993,0.0127099152556508,0.145790204403054,-0.12728017860916,0.0114484292154492,0.147556026336487
Propionyl-L-carnitine(C3),sienna3,0.720569123036606,0.0253526649668852,M29-Propionyl-L-carnitine(C3),-0.111807182205842,0.0259000651502495,0.187056026085135,-0.120837646067718,0.0164068294914325,0.173300625720464
Butyrylcarnitine(C4),midnightblue,0.438003077251667,0.0480035447349194,M20-Butyrylcarnitine(C4),-0.0627221955629952,0.212390753416003,0.471540514332032,-0.0548236044813397,0.277666375458232,0.625721165795951
Valerylcarnitine(C5),midnightblue,0.470322685526915,0.0455094974911652,M20-Valerylcarnitine(C5),-0.00348059883186752,0.944884569577673,0.980066441849182,-0.0318000939004271,0.529108476198282,0.79063763310095
Hexadecanamide,steelblue,0.902885914190051,0.217720785093575,M31-Hexadecanamide,-0.073961957256869,0.141277539359879,0.406692946057461,-0.0610687742918249,0.226486827303116,0.572672602214176
Hexanoylcarnitine(C6),midnightblue,0.944914171380542,0.810705726274882,M20-Hexanoylcarnitine(C6),0.0996483158838617,0.0472381179217545,0.221100969379926,0.0879595908155637,0.0811971155985731,0.405985577992865
Oleamide,steelblue,0.781752876011449,0.17109467938372,M31-Oleamide,-0.0231715155824231,0.645304351066741,0.844026465772319,-0.0178053480379165,0.72458997887363,0.869533588171251
Stearamide,steelblue,0.781445271938494,0.0728324050000158,M31-Stearamide,-0.0592726015138826,0.238672837715199,0.50044304682219,-0.0434450820750085,0.389774452413378,0.689767129614935
2-Octenoylcarnitine(C8:1),darkgrey,0.940061111539001,0.604470757086123,M6-2-Octenoylcarnitine(C8:1),-0.00116791081046145,0.981493059945771,0.992558264333675,-0.0216782164707339,0.667935185544669,0.847604501987145
Octanoylcarnitine(C8),midnightblue,0.950814054561137,1.18989491166033,M20-Octanoylcarnitine(C8),0.137844480417206,0.00594108301243139,0.100527305152838,0.130477629489807,0.00952061343080562,0.147556026336487
Decadienoylcarnitine C10:3,darkgrey,0.940518500567442,0.600070638545283,M6-Decadienoylcarnitine C10:3,0.0132586242044043,0.792277128905514,0.908967157110579,-0.00675491594279727,0.893673990158222,0.936916280004587
fatty amide C20_1,darkturquoise,0.892231086361144,0.330779311857289,M11-fatty amide C20_1,-0.0138738243674887,0.78287404601194,0.908693089121002,-0.0193908645293066,0.701192775059021,0.859953403374272
DecenoylcarnitineC10:2,darkgrey,0.864810725830449,0.269294733566967,M6-DecenoylcarnitineC10:2,0.0486799086762034,0.333316338443317,0.624968134581219,0.0307116476880434,0.543309963259115,0.79063763310095
Carnitine C10:1,black,0.853579793744346,0.887958774558617,M1-Carnitine C10:1,0.107287395206467,0.0325884255404101,0.198839344978653,0.0946894043812102,0.0604112196370282,0.356975388764257
Decanoylcarnitine(C10),midnightblue,0.936866732398081,1.08898868108514,M20-Decanoylcarnitine(C10),0.138160287647124,0.00582667259776662,0.100527305152838,0.12702036577798,0.0116192823801605,0.147556026336487
17-Hydroxyprogesterone,black,0.381760842287882,0.0221035641976148,M1-17-Hydroxyprogesterone,-0.0691827091807561,0.168896562930818,0.451162051664515,-0.088585044444334,0.0790490971481156,0.405985577992865
FFA C22_1,darkturquoise,0.954205490832558,0.802596124627007,M11-FFA C22_1,-0.0422214108492718,0.401482110353554,0.666727338255337,-0.0411482575130796,0.415347376889354,0.70100466089401
carnitine C12:2,black,0.890855760744275,1.03017555492788,M1-carnitine C12:2,0.0762979708578709,0.129103747334235,0.384265072691578,0.0588724363973503,0.243661713298791,0.59245755965663
fatty amide C22_0,darkturquoise,0.941765255325275,0.766038540633552,M11-fatty amide C22_0,-0.0305208009758118,0.544284752424366,0.747433286779939,-0.030864228698846,0.541307827748966,0.79063763310095
Carnitine C12:1,pink,0.922124656450827,1.28336513318542,M23-Carnitine C12:1,0.0877483346983833,0.0807710078352885,0.306878145997239,0.0688995151922727,0.172286517949516,0.536239245738323
Carnitine C12:0,pink,0.937078738196517,1.45296483296019,M23-Carnitine C12:0,0.0884901457235535,0.078229902586366,0.305096620086828,0.075531071645505,0.134491105983955,0.485662327164281
Cortisone,grey,-0.612335745644417,0.126621456090525,M14-Cortisone,-0.0323900150147791,0.5198994685417,0.730717004812979,-0.0456944222458427,0.365677762800523,0.672709091944359
Hydrocortisone,grey,-0.591025449570117,0.125536846152711,M14-Hydrocortisone,0.076975180586465,0.125730840243995,0.383086153868421,0.0748670317774209,0.137960440466679,0.489132470745497
carnitine C14:3,pink,0.768057573484524,0.433882111855222,M23-carnitine C14:3,0.0434423081615311,0.387994465091785,0.666727338255337,0.024048397859244,0.634146150577832,0.818930459355478
Tetradecadiencarnitine C14:2,black,0.869065769248729,0.884740209374739,M1-Tetradecadiencarnitine C14:2,0.133541534917037,0.00771373250716644,0.102544159388231,0.126296615912588,0.0121071611353015,0.147556026336487
Tetradecenoylcarnitine C14:1,pink,0.949715849147922,1.40857441298392,M23-Tetradecenoylcarnitine C14:1,0.0642492051111846,0.201446969727284,0.462143048197887,0.0533159546926816,0.291114416412306,0.632645071916724
Tetradecanoylcarnitine C14,pink,0.811461837208589,0.612622364224738,M23-Tetradecanoylcarnitine C14,0.00896642958865818,0.858648296270808,0.943565782480958,-0.000535757322031969,0.991542030120969,0.99834908256686
Sphingosine-1-phosphate,grey,-0.206740197859768,0.00407695895334648,M14-Sphingosine-1-phosphate,0.137185604786154,0.00618629570171308,0.100527305152838,0.141099502357534,0.00501766975800114,0.118588336379794
Hexadecadienoylcarnitine C16:2,black,0.844183795843251,0.529601554187396,M1-Hexadecadienoylcarnitine C16:2,0.07070136759551,0.159714371217999,0.432559755382081,0.0836168300438598,0.0974433116204355,0.46344989673134
Hexadecenoylcarnitine C16:1,pink,0.781442773168905,0.414275530788138,M23-Hexadecenoylcarnitine C16:1,0.00852353154645639,0.865562459599267,0.943565782480958,0.016112793025523,0.749852139375318,0.869533588171251
Palmitoylcarnitine C16,darkolivegreen,0.872052803818855,0.151424551451665,M8-Palmitoylcarnitine C16,0.0623793191419408,0.214905824643071,0.471540514332032,0.04891749441344,0.332805002487822,0.648969754851252
linolenyl carnitine C18:3,black,0.703209932590109,0.26671302641971,M1-linolenyl carnitine C18:3,-0.000360154628162354,0.994292458868608,0.994292458868608,-0.000229886673098148,0.99637073713347,0.99834908256686
Linoleyl carnitine C18:2,black,0.769416962246702,0.338796416357801,M1-Linoleyl carnitine C18:2,0.0594800359892181,0.237030558545818,0.50044304682219,0.0594885756020486,0.238754196152096,0.589329977843781
Oleoylcarnitine C18:1,darkolivegreen,0.893599960721366,0.187410997940088,M8-Oleoylcarnitine C18:1,0.0650335397238484,0.195987734618647,0.460447980340848,0.0578644828788675,0.251841401263407,0.59245755965663
Stearoylcarnitine C18,darkolivegreen,0.826700422540152,0.12307055931223,M8-Stearoylcarnitine C18,-0.00294852604298055,0.953299507901715,0.983562984343039,-0.00325786048823328,0.948602845993876,0.978717222057174
LPE 16_1,darkorange,0.897174425132735,0.474609584837989,M9-LPE 16_1,0.0797792416200148,0.112488079897864,0.35959304229645,0.0771662997545876,0.126234321363522,0.485662327164281
LPE 16_0,salmon,0.887373176175448,0.591100897634663,M28-LPE 16_0,0.0189041823869045,0.7072819278183,0.867421232229991,0.045871886858602,0.363816882373727,0.672709091944359
LPC 14_0 sn-2,lightcyan,0.886132417181759,1.02438773954345,M16-LPC 14_0 sn-2,-0.0854910329297623,0.088916469454301,0.32097389386335,-0.0791572500840462,0.116718617713363,0.485662327164281
LPC 14_0 sn-1,lightcyan,0.908616728503242,1.0599087068091,M16-LPC 14_0 sn-1,-0.0679477013326919,0.176650150170677,0.451424457241324,-0.0631048302102153,0.211350200529793,0.565759877896923
LPE 18_3sn-1,salmon,0.813533945663435,0.380441941843352,M28-LPE 18_3sn-1,0.00777423329820603,0.877282996677323,0.945139140066729,0.0433109885507495,0.391240713658017,0.689767129614935
LPE 18_2 sn-2,magenta,0.908380667669368,0.94556865301846,M19-LPE 18_2 sn-2,0.0620106214002639,0.217634083537861,0.471540514332032,0.0671161310950586,0.183688379705848,0.551065139117545
LPE 18_2 sn-1,magenta,0.880652198181942,0.911138625255864,M19-LPE 18_2 sn-1,0.110698785219863,0.02742006623354,0.190961175555011,0.116450457191259,0.020777546382042,0.20258107722491
LPE 18_1 sn-2,magenta,0.834537428122254,0.637286264869591,M19-LPE 18_1 sn-2,0.0413166087370494,0.411656280651082,0.666727338255337,0.0518901323611198,0.304227684171918,0.636704032204671
LPE 18_1 sn-1,magenta,0.783941409896139,0.604820016424689,M19-LPE 18_1 sn-1,0.0363415409803792,0.470260417610318,0.707296489944997,0.0496502065826308,0.325605673922596,0.647888840968431
LPC O-16_1,skyblue,0.929164400848215,0.439539083081721,M30-LPC O-16_1,-0.102434714750146,0.0413572612868573,0.212228051340452,-0.0802856512359729,0.111580149815937,0.483513982535726
LPC 15_0 sn-2,violet,0.73344584960546,0.112162033013995,M33-LPC 15_0 sn-2,-0.132083158247082,0.00841387974467536,0.102544159388231,-0.114975444450524,0.0224586223884284,0.208544350749692
LPE 18_0 sn-2,salmon,0.805362977801954,0.620889419048875,M28-LPE 18_0 sn-2,0.00111204460747891,0.982378179571279,0.992558264333675,0.0254565812358595,0.614419562116285,0.809539287923484
LPC 15_0 sn-1,violet,0.917788331954308,0.246258836199105,M33-LPC 15_0 sn-1,-0.161373078946528,0.00125371952136325,0.0611188266664583,-0.138777991795109,0.00579295897466863,0.118588336379794
LPE 18_0 sn-1,salmon,0.82079727841619,0.667041552835368,M28-LPE 18_0 sn-1,0.0325418712572505,0.517943335034462,0.730717004812979,0.0517391233938757,0.30563904502809,0.636704032204671
LPC O-16_0,white,0.932640819772927,0.421360516967386,M34-LPC O-16_0,-0.0905699619091595,0.0714495142528891,0.284339903659457,-0.0758170398490552,0.133017902227111,0.485662327164281
LPC 16_1 sn-2,greenyellow,0.783189517945419,0.604731723280295,M13-LPC 16_1 sn-2,-0.0868243345782631,0.0840291486930535,0.309163848965008,-0.0773484140245651,0.125339652932973,0.485662327164281
LPC 16_1 sn-1,greenyellow,0.86364842187335,0.772345540985675,M13-LPC 16_1 sn-1,-0.0416350076980341,0.408058744439354,0.666727338255337,-0.027800330965566,0.582200103684263,0.799741138741765
LPC 16_0 sn-1,greenyellow,0.915337694148032,0.880268689487592,M13-LPC 16_0 sn-1,0.00934395841396802,0.85276311723571,0.943565782480958,0.0126499850934935,0.802349739418133,0.895959911884049
LPC 16_0 sn-2,greenyellow,0.887012421047807,0.799929371042275,M13-LPC 16_0 sn-2,-0.0568523086582094,0.25842708818625,0.527594152354087,-0.0557950511011546,0.269227975140344,0.617640648851377
LPE 20_5 sn-1,green,0.832489724904202,0.726540658565864,M12-LPE 20_5 sn-1,-0.0331816448704441,0.509743944747574,0.730717004812979,-0.0155036140907801,0.759011869130728,0.870631261649952
LPE 20_4 sn-2,saddlebrown,0.84605229225375,0.358930962313882,M27-LPE 20_4 sn-2,0.0227939867571132,0.650697278409628,0.844026465772319,0.0372402252513249,0.461058813443855,0.743590099022837
LPE 20_4 sn-1,saddlebrown,0.936639964323383,0.463174597772976,M27-LPE 20_4 sn-1,0.03431490327665,0.495387864771441,0.726320553612263,0.0408514151488391,0.418722997104907,0.70100466089401
LPE 20_3,paleturquoise,0.830232369040513,0.212316623783342,M22-LPE 20_3,0.0540138831905227,0.282997793876238,0.564894628772636,0.0696640070856711,0.167563632114641,0.536239245738323
LPC P-18_1,skyblue,0.897273043228968,0.346169704200207,M30-LPC P-18_1,-0.0805723113262721,0.108948597348122,0.354082941381398,-0.0534346352338008,0.290040245359219,0.632645071916724
LPC O-18_1,white,0.863299311635184,0.239796255893222,M34-LPC O-18_1,-0.109524635056835,0.0291132442452413,0.193934661382409,-0.0905231959945539,0.0726837120269199,0.393703440145816
LPC P-18_0,skyblue,0.925702749015288,0.421640782826845,M30-LPC P-18_0,-0.0941178497587088,0.0609949010854192,0.26014856050336,-0.0638088235429523,0.206289955634647,0.565759877896923
LPC 17_0,violet,0.856265688548504,0.166977330458739,M33-LPC 17_0,-0.132940157319639,0.00799588630491277,0.102544159388231,-0.107331717891601,0.0331831022515535,0.244566287369158
LPC O-18_0,white,0.912827738563953,0.363265279634555,M34-LPC O-18_0,-0.0929943823365307,0.0641594281346263,0.266193372047918,-0.0733826745923555,0.145963662283579,0.499349370970138
LPC 18_3 sn-1,blue,0.885937586290661,1.76027988336487,M2-LPC 18_3 sn-1,-0.017369109675398,0.730085468089735,0.878806581959866,-0.0116910385725358,0.817057598043635,0.895959911884049
LPC 18_3 sn-2,blue,0.727189481348293,0.772288104480755,M2-LPC 18_3 sn-2,-0.0423134652971416,0.400455486939554,0.666727338255337,-0.0459264094302194,0.363246349647236,0.672709091944359
LPC 18_2 sn-1,magenta,0.777932262348661,0.812585099153472,M19-LPC 18_2 sn-1,0.0101506587058327,0.840215447927415,0.943565782480958,0.0273736317752524,0.58800710400081,0.799741138741765
LPC 18_2 sn-2,magenta,0.769114719958748,0.773605856527229,M19-LPC 18_2 sn-2,-0.0237170269768385,0.637544598396085,0.844026465772319,-0.00844371225849512,0.86731232051411,0.929263200550833
LPC 18_1 sn-2,tan,0.855088778469809,0.722566491764087,M32-LPC 18_1 sn-2,-0.0944542948471174,0.0600726762012277,0.26014856050336,-0.0687460359340811,0.173246525546227,0.536239245738323
LPC 18_1 sn-1,tan,0.886928923301938,0.735228339802966,M32-LPC 18_1 sn-1,-0.0731878935784305,0.145499635093737,0.406692946057461,-0.0444992081666791,0.378364314537294,0.686542061939877
LPC 18_0 sn-2,greenyellow,0.724175783569269,0.65509279260427,M13-LPC 18_0 sn-2,-0.104059538148574,0.0382222599954305,0.212228051340452,-0.0909420943422648,0.0713643921418557,0.393703440145816
LPC 18_0 sn-1,greenyellow,0.773227392501665,0.738867602946691,M13-LPC 18_0 sn-1,-0.0772096842529364,0.124578949996332,0.383086153868421,-0.0607312080198438,0.229069040885671,0.572672602214176
LPE 22_6 sn-1,darkmagenta,0.859615069345636,0.154820377311168,M7-LPE 22_6 sn-1,-0.0467394700279353,0.352967570509446,0.643258656535907,-0.0340295129156012,0.500619376514895,0.762662331409411
LPE 22_4 sn-1,saddlebrown,0.868548620681176,0.214898572941147,M27-LPE 22_4 sn-1,0.120979030479006,0.0158759987485178,0.156620577658585,0.123055171523359,0.0145209784902631,0.166564165035371
LPC 20_5,green,0.899915686221732,0.887289277327756,M12-LPC 20_5,-0.0816824361329612,0.104142169173345,0.353461510778899,-0.0620882816754188,0.218813882073508,0.565759877896923
LPC 20_4 sn-1,lightyellow,0.783776297051708,0.275796470721594,M18-LPC 20_4 sn-1,-0.0390618986994946,0.43766340883929,0.692159715103564,-0.0274152614225166,0.587439388405607,0.799741138741765
LPC 20_3 sn-1,paleturquoise,0.95305445513481,0.303238984443178,M22-LPC 20_3 sn-1,0.00143879470189913,0.977201635900624,0.992558264333675,0.018057624060076,0.720849328800231,0.869533588171251
LPC 20_2 sn-1,tan,0.786303702971624,0.511839076842472,M32-LPC 20_2 sn-1,0.0408351226989731,0.41713197572898,0.666727338255337,0.0767792233587908,0.128152351137098,0.485662327164281
LPC 20_2 sn-2,tan,0.758759260362611,0.50908992540631,M32-LPC 20_2 sn-2,-0.00818459071702108,0.870860689469299,0.943565782480958,0.0247315370665988,0.624542866912551,0.811905726986317
LPC 20_1 sn-2,tan,0.731528180236375,0.536808123308176,M32-LPC 20_1 sn-2,-0.087443566323006,0.0818341722659303,0.306878145997239,-0.0624003425729877,0.216502884543122,0.565759877896923
LPC 20_1 sn-1,tan,0.765071390639517,0.564399785531279,M32-LPC 20_1 sn-1,-0.048152059449054,0.338591006855479,0.628811869874461,-0.0158635409971774,0.753595776415084,0.869533588171251
LPC 20_0 sn-1,royalblue,0.921171602978171,0.661950444666659,M26-LPC 20_0 sn-1,-0.0998363603712205,0.0468203095614204,0.221100969379926,-0.0675430950620681,0.180909216980647,0.551065139117545
LPC 20_0 sn-2,royalblue,0.852439192389718,0.439219994462029,M26-LPC 20_0 sn-2,-0.0673146470222626,0.180725582267449,0.451813955668622,-0.0361526028703211,0.474261461955417,0.743590099022837
LPC 22_6 sn-1,green,0.738909740573805,0.291808747884697,M12-LPC 22_6 sn-1,-0.120243362816363,0.0165308102010099,0.156620577658585,-0.0946984941042917,0.0603864428947988,0.356975388764257
LPC 22_5 sn-1,green,0.605812965385967,0.200239806234184,M12-LPC 22_5 sn-1,0.00670336841766786,0.894079486576019,0.957942307045735,0.0356466034398956,0.480473602445526,0.743590099022837
LPC 22_4,paleturquoise,0.797103531265747,0.124841013273412,M22-LPC 22_4,0.0727235897574227,0.148077944461948,0.406692946057461,0.0812363227957927,0.107390502880219,0.480108904220715
LPC 22_1,grey,-0.072262500162711,0.00373979574763417,M14-LPC 22_1,-0.0408881092007709,0.416527300735124,0.666727338255337,-0.027054039374237,0.592373869957539,0.799741138741765
LPC 22_0,royalblue,0.916651981332993,0.647659202616885,M26-LPC 22_0,-0.102786326264793,0.0406610518295101,0.212228051340452,-0.0810201147196276,0.108332265567751,0.480108904220715
LPC 24_0,royalblue,0.861869103395955,0.490196286156984,M26-LPC 24_0,-0.0939827917731479,0.0613683783751515,0.26014856050336,-0.0620707198580857,0.218944460432976,0.565759877896923
SM 32_2,brown,0.756360125371036,0.400089263174446,M3-SM 32_2,-0.155237107652279,0.00192120059540878,0.0749268232209426,-0.14325192915354,0.00438370709421628,0.118588336379794
SM 32_1,brown,0.706245786542275,0.393662733226506,M3-SM 32_1,-0.0510982817310868,0.309829774470319,0.592321627663844,-0.0375870438704258,0.456892218073201,0.743590099022837
SM 33_2,brown,0.842315670411268,0.789819328059945,M3-SM 33_2,-0.119826190104745,0.0169125340584635,0.156620577658585,-0.105676735116498,0.0360083406995819,0.24626806720341
SM 33_1,brown,0.821265094963004,0.752028796520122,M3-SM 33_1,-0.0980813744792449,0.0508425730673368,0.230565156933272,-0.0755782106549364,0.134247401801456,0.485662327164281
PE O-34_3,darkred,0.781957025870866,0.157694824431833,M10-PE O-34_3,0.0455252920184402,0.365627548230886,0.653192721412174,0.0563686682450168,0.264328469638759,0.613619661661405
SM 34_2,brown,0.81279913537106,0.420240640366522,M3-SM 34_2,-0.042297626940626,0.400632009812582,0.666727338255337,-0.0161607086721627,0.749133140136949,0.869533588171251
SM 34_1,blue,0.840778606038096,1.17289916216694,M2-SM 34_1,0.0257868601983377,0.608465810976103,0.823964119030139,0.0481630230767536,0.340324282311102,0.657061733174901
PC 30_0,darkorange,0.891600565268918,0.352897711370659,M9-PC 30_0,0.00976065117538934,0.846276903215856,0.943565782480958,0.0133651802612108,0.79142534851589,0.892069034454327
SM 35_2,brown,0.879696794795913,0.709051470236477,M3-SM 35_2,-0.119022177533985,0.0176700138896865,0.156620577658585,-0.0883973505690663,0.0796888105701495,0.405985577992865
PE 34_2,salmon,0.706122835978831,0.147159703135693,M28-PE 34_2,0.138895187389451,0.00556805770106478,0.100527305152838,0.128206523248196,0.0108572050940247,0.147556026336487
PE O-36_5,darkred,0.897319320852933,0.497709711986071,M10-PE O-36_5,-0.0330193257136683,0.511817813628865,0.730717004812979,-0.0210599758469524,0.676863738711923,0.847604501987145
SM 36_3,brown,0.689443595103016,0.238428372059161,M3-SM 36_3,-0.0368857085142417,0.463634943556559,0.707296489944997,-0.0136795418687211,0.786636312497699,0.891826051959601
SM 36_2,brown,0.741534552854332,0.463289981398058,M3-SM 36_2,0.0146333935499644,0.771307927594384,0.900629017250928,0.0279708845557276,0.579886506841917,0.799741138741765
PC 32_2,lightcyan,0.893340333566647,0.732060993100623,M16-PC 32_2,0.0204218809012635,0.684990700362156,0.849714437082281,0.0271426391511199,0.591161798573688,0.799741138741765
SM 36_1,brown,0.61507581628063,0.311575380618667,M3-SM 36_1,0.0850634932938788,0.0905310982691499,0.32097389386335,0.093016305501349,0.0651168150763929,0.373464086467547
PC 32_1,darkorange,0.944470665448074,0.577970633697638,M9-PC 32_1,0.081450524197556,0.10513214166757,0.353461510778899,0.076610777143822,0.128994046536397,0.485662327164281
PC 34_0,blue,0.767412766089347,0.918720503501371,M2-PC 34_0,0.0997158928716619,0.0470876132111742,0.221100969379926,0.105330545491871,0.0366244817892251,0.24626806720341
PC O-34_2,grey60,0.875313021318986,0.770205206470296,M15-PC O-34_2,-0.0727289651996341,0.148047896620674,0.406692946057461,-0.0431836064069827,0.392636673780809,0.689767129614935
PC 33_1,darkmagenta,0.833667271757609,0.109680658392232,M7-PC 33_1,-0.0647514249977905,0.197938774738071,0.460447980340848,-0.0502971574543728,0.319333514779363,0.647888840968431
PE O-38_7,darkred,0.843044556373935,0.360425362013197,M10-PE O-38_7,-0.0915592352561321,0.0683970509447307,0.277863019462969,-0.0717755961834568,0.155022506991518,0.521196359712861
PE O-38_6,darkred,0.938724478181355,0.643348811685623,M10-PE O-38_6,-0.0357349799208488,0.477706546673192,0.707296489944997,-0.0160315006978619,0.751072468211477,0.869533588171251
PC 34_4,lightcyan,0.808975783953007,0.364759974859653,M16-PC 34_4,-0.0684117171835813,0.173706558579948,0.451424457241324,-0.0585641153148322,0.246143798631023,0.59245755965663
PC 34_3,lightcyan,0.78149735797833,0.348591436007612,M16-PC 34_3,-0.0157430384064561,0.754502430128986,0.891684690152438,-0.00693693901668999,0.890826493511453,0.936916280004587
PC 16_0_18_2,blue,0.927927579209401,2.04034490865089,M2-PC 16_0_18_2,0.0356475329948744,0.47878531627046,0.707296489944997,0.0350619904819085,0.487705530011609,0.748839199624123
PC 34_1,blue,0.830450939057456,1.35016531564396,M2-PC 34_1,0.0357657927235248,0.477326747148257,0.707296489944997,0.0368736139438298,0.465486099133202,0.743590099022837
PE 38_6,salmon,0.753745845463546,0.188805800614705,M28-PE 38_6,-0.0167178172574659,0.739834113695506,0.879680805918437,-0.0102941260394822,0.838596731511049,0.903460567097539
PC O-36_5,grey60,0.83994894042787,0.627134102960079,M15-PC O-36_5,-0.0588814421029653,0.241791413207155,0.501588569951012,-0.0386708038455369,0.444008945332789,0.733743596100796
PC O-36_4,grey60,0.862991648013232,0.677676412427556,M15-PC O-36_4,-0.0320249648946028,0.524617336788805,0.730717004812979,-0.0209757541621263,0.678083601589716,0.847604501987145
PC 35_3,blue,0.571547153135874,0.215578880417109,M2-PC 35_3,-0.117352526787116,0.0193381916641304,0.157798965914467,-0.0967259943785522,0.0550658503077612,0.346381961613337
PC 35_2,blue,0.720438123864897,0.522261974020956,M2-PC 35_2,0.0056565970370414,0.910543987225544,0.970251789666564,0.0212729705096518,0.673782506343417,0.847604501987145
L-Thyroxine,grey,-0.284430056893503,0.00740644662447298,M14-L-Thyroxine,-0.0232250780244579,0.644540716316287,0.844026465772319,-0.0112200122383377,0.824305889421258,0.895959911884049
PC 36_6,green,0.70421517331373,0.183141826948831,M12-PC 36_6,-0.133322197676805,0.00781559432642195,0.102544159388231,-0.113960179974537,0.0236830491704752,0.209917935829212
PC 36_5,green,0.870537251369364,0.809457604250021,M12-PC 36_5,-0.0761086784999987,0.130058947680226,0.384265072691578,-0.0652049344165566,0.196515256971979,0.563536398669645
PC 36_4,lightyellow,0.964689036099144,1.0801090435882,M18-PC 36_4,-0.0175555223320855,0.727303114263486,0.878806581959866,-0.0172893055918219,0.732262001651227,0.869533588171251
PC 36_3,blue,0.840416724397608,1.22893468608751,M2-PC 36_3,0.0447403814655395,0.373959999313917,0.656956755551475,0.0477955528967767,0.344025562101031,0.657695927546089
PC 36_2,blue,0.940352854603613,2.184153871011,M2-PC 36_2,0.038622168328596,0.442843070183755,0.692159715103564,0.0418769341489589,0.40712925901925,0.70100466089401
PC O-38_6,grey60,0.9355686175798,0.972396114648077,M15-PC O-38_6,0.00479460648243108,0.924131208433026,0.974393917571513,0.0260608560067228,0.606037923479208,0.803927857676501
PC O-38_5,grey60,0.891213164105583,0.840253405173752,M15-PC O-38_5,0.0150490304209513,0.765000130130917,0.898644731177884,0.0267297039475849,0.596820532604192,0.799741138741765
PC 38_7,blue,0.84344761380636,1.34670967655732,M2-PC 38_7,0.0423344871157897,0.400221264870451,0.666727338255337,0.0510218855429165,0.31240147371089,0.641245130248669
PC 38_6,darkmagenta,0.89302686863736,0.192529279841311,M7-PC 38_6,-0.0994768776733346,0.047621747251061,0.221100969379926,-0.0837511255407336,0.0969047756659977,0.46344989673134
PC 38_5,lightyellow,0.847091303163496,0.492293583380452,M18-PC 38_5,-0.032045410773014,0.524352520160012,0.730717004812979,-0.0161421738604432,0.749411238919712,0.869533588171251
PC 38_4,lightyellow,0.960759142955185,1.07381322439155,M18-PC 38_4,-0.021905118991446,0.663466333068365,0.844026465772319,-0.016821644976601,0.739237854405658,0.869533588171251
